PlotID,Date\Time, Speed, Direction, Gust
S8, 2012-11-07 20:01:47, 10.13, 327.1, 10.13
S8, 2012-11-07 20:01:50, 9.01, 318.7, 9.01
S8, 2012-11-07 20:01:53, 9.01, 331.3, 9.01
S8, 2012-11-07 20:01:56, 9.01, 331.3, 9.01
S8, 2012-11-07 20:01:59, 8.46, 329.9, 8.46
S8, 2012-11-07 20:02:02, 9.01, 324.3, 9.01
S8, 2012-11-07 20:02:05, 6.2, 321.5, 6.2
S8, 2012-11-07 20:02:08, 6.2, 318.7, 6.2
S8, 2012-11-07 20:02:11, 5.64, 314.5, 5.64
S8, 2012-11-07 20:02:14, 8.46, 315.9, 8.46
S8, 2012-11-07 20:02:17, 6.76, 308.9, 6.76
S8, 2012-11-07 20:02:20, 8.46, 320.1, 8.46
S8, 2012-11-07 20:02:23, 9.57, 327.1, 9.57
S8, 2012-11-07 20:02:26, 7.9, 320.1, 7.9
S8, 2012-11-07 20:02:29, 8.46, 320.1, 8.46
S8, 2012-11-07 20:02:32, 8.46, 324.3, 8.46
S8, 2012-11-07 20:02:35, 7.31, 315.9, 7.31
S8, 2012-11-07 20:02:38, 6.76, 315.9, 6.76
S8, 2012-11-07 20:02:41, 5.64, 315.9, 5.64
S8, 2012-11-07 20:02:44, 5.08, 315.9, 5.08
S8, 2012-11-07 20:02:47, 4.5, 315.9, 4.5
S8, 2012-11-07 20:02:50, 5.08, 315.9, 5.08
S8, 2012-11-07 20:02:53, 5.64, 315.9, 5.64
S8, 2012-11-07 20:02:56, 4.5, 315.9, 4.5
S8, 2012-11-07 20:02:59, 5.08, 307.5, 5.08
S8, 2012-11-07 20:03:02, 3.94, 307.5, 3.94
S8, 2012-11-07 20:03:05, 4.5, 310.3, 4.5
S8, 2012-11-07 20:03:08, 4.5, 313.1, 4.5
S8, 2012-11-07 20:03:11, 5.08, 307.5, 5.08
S8, 2012-11-07 20:03:14, 4.5, 310.3, 4.5
S8, 2012-11-07 20:03:17, 5.64, 313.1, 5.64
S8, 2012-11-07 20:03:20, 7.31, 324.3, 7.31
S8, 2012-11-07 20:03:23, 6.76, 331.3, 6.76
S8, 2012-11-07 20:03:26, 3.94, 344, 3.94
S8, 2012-11-07 20:03:29, 5.08, 1.4, 5.08
S8, 2012-11-07 20:03:32, 4.5, 1.4, 4.5
S8, 2012-11-07 20:03:35, 7.31, 327.1, 7.31
S8, 2012-11-07 20:03:38, 12.95, 331.3, 12.95
S8, 2012-11-07 20:03:41, 11.27, 324.3, 11.27
S8, 2012-11-07 20:03:44, 10.69, 318.7, 10.69
S8, 2012-11-07 20:03:47, 10.69, 313.1, 10.69
S8, 2012-11-07 20:03:50, 9.57, 318.7, 9.57
S8, 2012-11-07 20:03:53, 9.01, 327.1, 9.01
S8, 2012-11-07 20:03:56, 7.9, 306.1, 7.9
S8, 2012-11-07 20:03:59, 8.46, 313.1, 8.46
S8, 2012-11-07 20:04:02, 9.01, 315.9, 9.01
S8, 2012-11-07 20:04:05, 8.46, 332.7, 8.46
S8, 2012-11-07 20:04:08, 7.31, 324.3, 7.31
S8, 2012-11-07 20:04:11, 6.76, 324.3, 6.76
S8, 2012-11-07 20:04:14, 5.64, 329.9, 5.64
S8, 2012-11-07 20:04:17, 5.64, 320.1, 5.64
S8, 2012-11-07 20:04:20, 7.31, 310.3, 7.31
S8, 2012-11-07 20:04:23, 9.01, 292, 9.01
S8, 2012-11-07 20:04:26, 7.31, 304.7, 7.31
S8, 2012-11-07 20:04:29, 7.31, 304.7, 7.31
S8, 2012-11-07 20:04:32, 7.31, 314.5, 7.31
S8, 2012-11-07 20:04:35, 9.01, 314.5, 9.01
S8, 2012-11-07 20:04:38, 9.57, 315.9, 9.57
S8, 2012-11-07 20:04:41, 9.57, 315.9, 9.57
S8, 2012-11-07 20:04:44, 10.13, 310.3, 10.13
S8, 2012-11-07 20:04:47, 10.69, 313.1, 10.69
S8, 2012-11-07 20:04:50, 10.13, 327.1, 10.13
S8, 2012-11-07 20:04:53, 7.31, 301.8, 7.31
S8, 2012-11-07 20:04:56, 6.76, 283.6, 6.76
S8, 2012-11-07 20:04:59, 7.9, 283.6, 7.9
S8, 2012-11-07 20:05:02, 7.9, 293.4, 7.9
S8, 2012-11-07 20:05:05, 9.57, 275.2, 9.57
S8, 2012-11-07 20:05:08, 10.13, 278, 10.13
S8, 2012-11-07 20:05:11, 9.01, 261.1, 9.01
S8, 2012-11-07 20:05:14, 8.46, 292, 8.46
S8, 2012-11-07 20:05:17, 7.9, 285, 7.9
S8, 2012-11-07 20:05:20, 5.64, 299, 5.64
S8, 2012-11-07 20:05:23, 5.08, 261.1, 5.08
S8, 2012-11-07 20:05:26, 6.2, 262.5, 6.2
S8, 2012-11-07 20:05:29, 5.64, 296.2, 5.64
S8, 2012-11-07 20:05:32, 5.64, 282.2, 5.64
S8, 2012-11-07 20:05:35, 7.31, 292, 7.31
S8, 2012-11-07 20:05:38, 6.76, 271, 6.76
S8, 2012-11-07 20:05:41, 7.9, 262.5, 7.9
S8, 2012-11-07 20:05:44, 9.01, 285, 9.01
S8, 2012-11-07 20:05:47, 7.9, 283.6, 7.9
S8, 2012-11-07 20:05:50, 8.46, 278, 8.46
S8, 2012-11-07 20:05:53, 7.9, 278, 7.9
S8, 2012-11-07 20:05:56, 6.76, 275.2, 6.76
S8, 2012-11-07 20:05:59, 6.2, 275.2, 6.2
S8, 2012-11-07 20:06:02, 7.31, 279.4, 7.31
S8, 2012-11-07 20:06:05, 7.9, 285, 7.9
S8, 2012-11-07 20:06:08, 7.9, 287.8, 7.9
S8, 2012-11-07 20:06:11, 7.31, 290.6, 7.31
S8, 2012-11-07 20:06:14, 5.64, 290.6, 5.64
S8, 2012-11-07 20:06:17, 5.08, 287.8, 5.08
S8, 2012-11-07 20:06:20, 5.08, 297.6, 5.08
S8, 2012-11-07 20:06:23, 5.08, 293.4, 5.08
S8, 2012-11-07 20:06:26, 6.2, 293.4, 6.2
S8, 2012-11-07 20:06:29, 6.76, 297.6, 6.76
S8, 2012-11-07 20:06:32, 6.2, 296.2, 6.2
S8, 2012-11-07 20:06:35, 6.2, 296.2, 6.2
S8, 2012-11-07 20:06:38, 5.64, 296.2, 5.64
S8, 2012-11-07 20:06:41, 5.64, 296.2, 5.64
S8, 2012-11-07 20:06:44, 5.08, 293.4, 5.08
S8, 2012-11-07 20:06:47, 5.08, 293.4, 5.08
S8, 2012-11-07 20:06:50, 3.94, 293.4, 3.94
S8, 2012-11-07 20:06:53, 5.08, 283.6, 5.08
S8, 2012-11-07 20:06:56, 6.2, 279.4, 6.2
S8, 2012-11-07 20:06:59, 6.76, 271, 6.76
S8, 2012-11-07 20:07:02, 8.46, 276.6, 8.46
S8, 2012-11-07 20:07:05, 11.83, 290.6, 11.83
S8, 2012-11-07 20:07:08, 7.31, 248.5, 7.31
S8, 2012-11-07 20:07:11, 11.83, 279.4, 11.83
S8, 2012-11-07 20:07:14, 12.39, 292, 12.39
S8, 2012-11-07 20:07:17, 9.57, 292, 9.57
S8, 2012-11-07 20:07:20, 8.46, 283.6, 8.46
S8, 2012-11-07 20:07:23, 8.46, 256.9, 8.46
S8, 2012-11-07 20:07:26, 7.9, 263.9, 7.9
S8, 2012-11-07 20:07:29, 7.31, 279.4, 7.31
S8, 2012-11-07 20:07:32, 8.46, 269.6, 8.46
S8, 2012-11-07 20:07:35, 9.57, 293.4, 9.57
S8, 2012-11-07 20:07:38, 11.27, 282.2, 11.27
S8, 2012-11-07 20:07:41, 14.09, 286.4, 14.09
S8, 2012-11-07 20:07:44, 12.39, 304.7, 12.39
S8, 2012-11-07 20:07:47, 12.95, 304.7, 12.95
S8, 2012-11-07 20:07:50, 11.83, 283.6, 11.83
S8, 2012-11-07 20:07:53, 10.13, 269.6, 10.13
S8, 2012-11-07 20:07:56, 11.27, 278, 11.27
S8, 2012-11-07 20:07:59, 11.83, 292, 11.83
S8, 2012-11-07 20:08:02, 8.46, 324.3, 8.46
S8, 2012-11-07 20:08:05, 9.57, 315.9, 9.57
S8, 2012-11-07 20:08:08, 9.01, 307.5, 9.01
S8, 2012-11-07 20:08:11, 7.9, 308.9, 7.9
S8, 2012-11-07 20:08:14, 7.9, 313.1, 7.9
S8, 2012-11-07 20:08:17, 7.9, 313.1, 7.9
S8, 2012-11-07 20:08:20, 7.31, 308.9, 7.31
S8, 2012-11-07 20:08:23, 7.31, 318.7, 7.31
S8, 2012-11-07 20:08:26, 5.64, 292, 5.64
S8, 2012-11-07 20:08:29, 6.2, 315.9, 6.2
S8, 2012-11-07 20:08:32, 6.2, 276.6, 6.2
S8, 2012-11-07 20:08:35, 5.64, 315.9, 5.64
S8, 2012-11-07 20:08:38, 6.2, 313.1, 6.2
S8, 2012-11-07 20:08:41, 6.2, 313.1, 6.2
S8, 2012-11-07 20:08:44, 8.46, 307.5, 8.46
S8, 2012-11-07 20:08:47, 9.57, 287.8, 9.57
S8, 2012-11-07 20:08:50, 10.69, 301.8, 10.69
S8, 2012-11-07 20:08:53, 9.01, 299, 9.01
S8, 2012-11-07 20:08:56, 9.57, 292, 9.57
S8, 2012-11-07 20:08:59, 10.13, 292, 10.13
S8, 2012-11-07 20:09:02, 7.9, 304.7, 7.9
S8, 2012-11-07 20:09:05, 9.01, 336.9, 9.01
S8, 2012-11-07 20:09:08, 9.01, 336.9, 9.01
S8, 2012-11-07 20:09:11, 10.69, 301.8, 10.69
S8, 2012-11-07 20:09:14, 9.01, 314.5, 9.01
S8, 2012-11-07 20:09:17, 10.13, 322.9, 10.13
S8, 2012-11-07 20:09:20, 10.69, 320.1, 10.69
S8, 2012-11-07 20:09:23, 9.01, 315.9, 9.01
S8, 2012-11-07 20:09:26, 8.46, 301.8, 8.46
S8, 2012-11-07 20:09:29, 7.9, 301.8, 7.9
S8, 2012-11-07 20:09:32, 11.27, 301.8, 11.27
S8, 2012-11-07 20:09:35, 10.69, 297.6, 10.69
S8, 2012-11-07 20:09:38, 10.69, 292, 10.69
S8, 2012-11-07 20:09:41, 11.83, 283.6, 11.83
S8, 2012-11-07 20:09:44, 11.27, 285, 11.27
S8, 2012-11-07 20:09:47, 10.69, 286.4, 10.69
S8, 2012-11-07 20:09:50, 11.83, 279.4, 11.83
S8, 2012-11-07 20:09:53, 15.21, 285, 15.21
S8, 2012-11-07 20:09:56, 15.21, 282.2, 15.21
S8, 2012-11-07 20:09:59, 14.09, 287.8, 14.09
S8, 2012-11-07 20:10:02, 14.09, 304.7, 14.09
S8, 2012-11-07 20:10:05, 12.39, 296.2, 12.39
S8, 2012-11-07 20:10:08, 12.39, 304.7, 12.39
S8, 2012-11-07 20:10:11, 11.27, 296.2, 11.27
S8, 2012-11-07 20:10:14, 9.57, 287.8, 9.57
S8, 2012-11-07 20:10:17, 9.01, 290.6, 9.01
S8, 2012-11-07 20:10:20, 10.13, 286.4, 10.13
S8, 2012-11-07 20:10:23, 7.9, 268.1, 7.9
S8, 2012-11-07 20:10:26, 7.9, 304.7, 7.9
S8, 2012-11-07 20:10:29, 10.69, 297.6, 10.69
S8, 2012-11-07 20:10:32, 10.13, 301.8, 10.13
S8, 2012-11-07 20:10:35, 11.83, 304.7, 11.83
S8, 2012-11-07 20:10:38, 10.69, 335.5, 10.69
S8, 2012-11-07 20:10:41, 6.76, 310.3, 6.76
S8, 2012-11-07 20:10:44, 8.46, 313.1, 8.46
S8, 2012-11-07 20:10:47, 12.39, 329.9, 12.39
S8, 2012-11-07 20:10:50, 10.69, 320.1, 10.69
S8, 2012-11-07 20:10:53, 10.13, 314.5, 10.13
S8, 2012-11-07 20:10:56, 11.27, 308.9, 11.27
S8, 2012-11-07 20:10:59, 10.13, 307.5, 10.13
S8, 2012-11-07 20:11:02, 10.69, 304.7, 10.69
S8, 2012-11-07 20:11:05, 10.13, 313.1, 10.13
S8, 2012-11-07 20:11:08, 8.46, 320.1, 8.46
S8, 2012-11-07 20:11:11, 6.76, 314.5, 6.76
S8, 2012-11-07 20:11:14, 9.01, 304.7, 9.01
S8, 2012-11-07 20:11:17, 7.9, 314.5, 7.9
S8, 2012-11-07 20:11:20, 8.46, 318.7, 8.46
S8, 2012-11-07 20:11:23, 9.01, 332.7, 9.01
S8, 2012-11-07 20:11:26, 11.27, 324.3, 11.27
S8, 2012-11-07 20:11:29, 10.69, 318.7, 10.69
S8, 2012-11-07 20:11:32, 12.39, 327.1, 12.39
S8, 2012-11-07 20:11:35, 11.83, 324.3, 11.83
S8, 2012-11-07 20:11:38, 10.69, 327.1, 10.69
S8, 2012-11-07 20:11:41, 10.69, 327.1, 10.69
S8, 2012-11-07 20:11:44, 10.13, 322.9, 10.13
S8, 2012-11-07 20:11:47, 10.69, 315.9, 10.69
S8, 2012-11-07 20:11:50, 9.57, 324.3, 9.57
S8, 2012-11-07 20:11:53, 7.31, 320.1, 7.31
S8, 2012-11-07 20:11:56, 5.64, 314.5, 5.64
S8, 2012-11-07 20:11:59, 8.46, 310.3, 8.46
S8, 2012-11-07 20:12:02, 9.57, 314.5, 9.57
S8, 2012-11-07 20:12:05, 11.27, 301.8, 11.27
S8, 2012-11-07 20:12:08, 10.69, 310.3, 10.69
S8, 2012-11-07 20:12:11, 9.57, 308.9, 9.57
S8, 2012-11-07 20:12:14, 9.57, 304.7, 9.57
S8, 2012-11-07 20:12:17, 7.9, 306.1, 7.9
S8, 2012-11-07 20:12:20, 9.01, 296.2, 9.01
S8, 2012-11-07 20:12:23, 9.01, 296.2, 9.01
S8, 2012-11-07 20:12:26, 9.01, 301.8, 9.01
S8, 2012-11-07 20:12:29, 7.9, 332.7, 7.9
S8, 2012-11-07 20:12:32, 9.01, 314.5, 9.01
S8, 2012-11-07 20:12:35, 9.57, 293.4, 9.57
S8, 2012-11-07 20:12:38, 12.39, 292, 12.39
S8, 2012-11-07 20:12:41, 11.27, 324.3, 11.27
S8, 2012-11-07 20:12:44, 11.27, 310.3, 11.27
S8, 2012-11-07 20:12:47, 11.27, 310.3, 11.27
S8, 2012-11-07 20:12:50, 8.46, 313.1, 8.46
S8, 2012-11-07 20:12:53, 8.46, 322.9, 8.46
S8, 2012-11-07 20:12:56, 9.01, 297.6, 9.01
S8, 2012-11-07 20:12:59, 7.9, 282.2, 7.9
S8, 2012-11-07 20:13:02, 7.9, 278, 7.9
S8, 2012-11-07 20:13:05, 7.31, 314.5, 7.31
S8, 2012-11-07 20:13:08, 10.13, 315.9, 10.13
S8, 2012-11-07 20:13:11, 11.83, 304.7, 11.83
S8, 2012-11-07 20:13:14, 10.69, 310.3, 10.69
S8, 2012-11-07 20:13:17, 10.13, 318.7, 10.13
S8, 2012-11-07 20:13:20, 7.9, 318.7, 7.9
S8, 2012-11-07 20:13:23, 9.57, 321.5, 9.57
S8, 2012-11-07 20:13:26, 9.01, 324.3, 9.01
S8, 2012-11-07 20:13:29, 9.57, 329.9, 9.57
S8, 2012-11-07 20:13:32, 11.83, 327.1, 11.83
S8, 2012-11-07 20:13:35, 10.69, 332.7, 10.69
S8, 2012-11-07 20:13:38, 7.9, 318.7, 7.9
S8, 2012-11-07 20:13:41, 9.57, 315.9, 9.57
S8, 2012-11-07 20:13:44, 11.83, 324.3, 11.83
S8, 2012-11-07 20:13:47, 8.46, 315.9, 8.46
S8, 2012-11-07 20:13:50, 7.31, 332.7, 7.31
S8, 2012-11-07 20:13:53, 10.13, 336.9, 10.13
S8, 2012-11-07 20:13:56, 10.69, 327.1, 10.69
S8, 2012-11-07 20:13:59, 12.39, 336.9, 12.39
S8, 2012-11-07 20:14:02, 13.51, 338.3, 13.51
S8, 2012-11-07 20:14:05, 11.27, 336.9, 11.27
S8, 2012-11-07 20:14:08, 12.95, 335.5, 12.95
S8, 2012-11-07 20:14:11, 11.27, 336.9, 11.27
S8, 2012-11-07 20:14:14, 10.13, 327.1, 10.13
S8, 2012-11-07 20:14:17, 7.9, 327.1, 7.9
S8, 2012-11-07 20:14:20, 8.46, 321.5, 8.46
S8, 2012-11-07 20:14:23, 7.9, 344, 7.9
S8, 2012-11-07 20:14:26, 7.31, 352.4, 7.31
S8, 2012-11-07 20:14:29, 7.31, 344, 7.31
S8, 2012-11-07 20:14:32, 7.9, 331.3, 7.9
S8, 2012-11-07 20:14:35, 6.76, 338.3, 6.76
S8, 2012-11-07 20:14:38, 5.64, 332.7, 5.64
S8, 2012-11-07 20:14:41, 10.13, 338.3, 10.13
S8, 2012-11-07 20:14:44, 10.13, 349.6, 10.13
S8, 2012-11-07 20:14:47, 8.46, 338.3, 8.46
S8, 2012-11-07 20:14:50, 11.27, 335.5, 11.27
S8, 2012-11-07 20:14:53, 12.39, 324.3, 12.39
S8, 2012-11-07 20:14:56, 9.57, 315.9, 9.57
S8, 2012-11-07 20:14:59, 9.57, 327.1, 9.57
S8, 2012-11-07 20:15:02, 9.57, 315.9, 9.57
S8, 2012-11-07 20:15:05, 8.46, 321.5, 8.46
S8, 2012-11-07 20:15:08, 9.01, 324.3, 9.01
S8, 2012-11-07 20:15:11, 12.39, 318.7, 12.39
S8, 2012-11-07 20:15:14, 11.27, 336.9, 11.27
S8, 2012-11-07 20:15:17, 9.57, 320.1, 9.57
S8, 2012-11-07 20:15:20, 10.69, 327.1, 10.69
S8, 2012-11-07 20:15:23, 9.01, 336.9, 9.01
S8, 2012-11-07 20:15:26, 9.01, 336.9, 9.01
S8, 2012-11-07 20:15:29, 10.13, 352.4, 10.13
S8, 2012-11-07 20:15:32, 12.95, 351, 12.95
S8, 2012-11-07 20:15:35, 10.69, 349.6, 10.69
S8, 2012-11-07 20:15:38, 10.13, 346.8, 10.13
S8, 2012-11-07 20:15:41, 9.57, 346.8, 9.57
S8, 2012-11-07 20:15:44, 9.01, 355.2, 9.01
S8, 2012-11-07 20:15:47, 9.01, 355.2, 9.01
S8, 2012-11-07 20:15:50, 12.95, 352.4, 12.95
S8, 2012-11-07 20:15:53, 12.39, 352.4, 12.39
S8, 2012-11-07 20:15:56, 11.27, 332.7, 11.27
S8, 2012-11-07 20:15:59, 13.51, 336.9, 13.51
S8, 2012-11-07 20:16:02, 13.51, 331.3, 13.51
S8, 2012-11-07 20:16:05, 11.27, 329.9, 11.27
S8, 2012-11-07 20:16:08, 11.27, 324.3, 11.27
S8, 2012-11-07 20:16:11, 11.27, 332.7, 11.27
S8, 2012-11-07 20:16:14, 11.27, 336.9, 11.27
S8, 2012-11-07 20:16:17, 10.69, 296.2, 10.69
S8, 2012-11-07 20:16:20, 11.83, 292, 11.83
S8, 2012-11-07 20:16:23, 10.13, 306.1, 10.13
S8, 2012-11-07 20:16:26, 13.51, 318.7, 13.51
S8, 2012-11-07 20:16:29, 16.89, 327.1, 16.89
S8, 2012-11-07 20:16:32, 15.21, 315.9, 15.21
S8, 2012-11-07 20:16:35, 14.09, 307.5, 14.09
S8, 2012-11-07 20:16:38, 14.65, 304.7, 14.65
S8, 2012-11-07 20:16:41, 13.51, 315.9, 13.51
S8, 2012-11-07 20:16:44, 16.33, 304.7, 16.33
S8, 2012-11-07 20:16:47, 16.89, 335.5, 16.89
S8, 2012-11-07 20:16:50, 14.65, 297.6, 14.65
S8, 2012-11-07 20:16:53, 15.77, 310.3, 15.77
S8, 2012-11-07 20:16:56, 14.09, 304.7, 14.09
S8, 2012-11-07 20:16:59, 15.21, 310.3, 15.21
S8, 2012-11-07 20:17:02, 15.77, 310.3, 15.77
S8, 2012-11-07 20:17:05, 14.65, 314.5, 14.65
S8, 2012-11-07 20:17:08, 12.39, 304.7, 12.39
S8, 2012-11-07 20:17:11, 11.83, 322.9, 11.83
S8, 2012-11-07 20:17:14, 14.65, 318.7, 14.65
S8, 2012-11-07 20:17:17, 15.77, 329.9, 15.77
S8, 2012-11-07 20:17:20, 13.51, 336.9, 13.51
S8, 2012-11-07 20:17:23, 12.39, 338.3, 12.39
S8, 2012-11-07 20:17:26, 9.01, 321.5, 9.01
S8, 2012-11-07 20:17:29, 10.69, 320.1, 10.69
S8, 2012-11-07 20:17:32, 14.65, 322.9, 14.65
S8, 2012-11-07 20:17:35, 12.39, 324.3, 12.39
S8, 2012-11-07 20:17:38, 10.13, 335.5, 10.13
S8, 2012-11-07 20:17:41, 11.83, 331.3, 11.83
S8, 2012-11-07 20:17:44, 10.13, 320.1, 10.13
S8, 2012-11-07 20:17:47, 11.27, 297.6, 11.27
S8, 2012-11-07 20:17:50, 8.46, 327.1, 8.46
S8, 2012-11-07 20:17:53, 10.13, 336.9, 10.13
S8, 2012-11-07 20:17:56, 10.13, 344, 10.13
S8, 2012-11-07 20:17:59, 11.27, 331.3, 11.27
S8, 2012-11-07 20:18:02, 12.39, 335.5, 12.39
S8, 2012-11-07 20:18:05, 11.27, 327.1, 11.27
S8, 2012-11-07 20:18:08, 12.95, 336.9, 12.95
S8, 2012-11-07 20:18:11, 12.95, 324.3, 12.95
S8, 2012-11-07 20:18:14, 10.69, 335.5, 10.69
S8, 2012-11-07 20:18:17, 8.46, 336.9, 8.46
S8, 2012-11-07 20:18:20, 6.76, 341.2, 6.76
S8, 2012-11-07 20:18:23, 9.01, 329.9, 9.01
S8, 2012-11-07 20:18:26, 11.27, 329.9, 11.27
S8, 2012-11-07 20:18:29, 10.69, 331.3, 10.69
S8, 2012-11-07 20:18:32, 8.46, 338.3, 8.46
S8, 2012-11-07 20:18:35, 7.31, 332.7, 7.31
S8, 2012-11-07 20:18:38, 7.9, 341.2, 7.9
S8, 2012-11-07 20:18:41, 6.76, 336.9, 6.76
S8, 2012-11-07 20:18:44, 7.9, 352.4, 7.9
S8, 2012-11-07 20:18:47, 10.13, 336.9, 10.13
S8, 2012-11-07 20:18:50, 10.13, 329.9, 10.13
S8, 2012-11-07 20:18:53, 11.83, 324.3, 11.83
S8, 2012-11-07 20:18:56, 11.27, 320.1, 11.27
S8, 2012-11-07 20:18:59, 11.83, 327.1, 11.83
S8, 2012-11-07 20:19:02, 13.51, 327.1, 13.51
S8, 2012-11-07 20:19:05, 11.27, 322.9, 11.27
S8, 2012-11-07 20:19:08, 10.13, 306.1, 10.13
S8, 2012-11-07 20:19:11, 10.69, 315.9, 10.69
S8, 2012-11-07 20:19:14, 10.69, 332.7, 10.69
S8, 2012-11-07 20:19:17, 9.01, 322.9, 9.01
S8, 2012-11-07 20:19:20, 9.57, 338.3, 9.57
S8, 2012-11-07 20:19:23, 9.01, 331.3, 9.01
S8, 2012-11-07 20:19:26, 9.01, 336.9, 9.01
S8, 2012-11-07 20:19:29, 12.39, 344, 12.39
S8, 2012-11-07 20:19:32, 12.95, 332.7, 12.95
S8, 2012-11-07 20:19:35, 13.51, 344, 13.51
S8, 2012-11-07 20:19:38, 12.39, 352.4, 12.39
S8, 2012-11-07 20:19:41, 10.13, 353.8, 10.13
S8, 2012-11-07 20:19:44, 12.39, 336.9, 12.39
S8, 2012-11-07 20:19:47, 13.51, 327.1, 13.51
S8, 2012-11-07 20:19:50, 11.27, 332.7, 11.27
S8, 2012-11-07 20:19:53, 8.46, 332.7, 8.46
S8, 2012-11-07 20:19:56, 9.57, 327.1, 9.57
S8, 2012-11-07 20:19:59, 12.39, 327.1, 12.39
S8, 2012-11-07 20:20:02, 11.83, 306.1, 11.83
S8, 2012-11-07 20:20:05, 9.57, 313.1, 9.57
S8, 2012-11-07 20:20:08, 8.46, 318.7, 8.46
S8, 2012-11-07 20:20:11, 12.39, 327.1, 12.39
S8, 2012-11-07 20:20:14, 11.27, 313.1, 11.27
S8, 2012-11-07 20:20:17, 13.51, 304.7, 13.51
S8, 2012-11-07 20:20:20, 12.39, 306.1, 12.39
S8, 2012-11-07 20:20:23, 10.13, 315.9, 10.13
S8, 2012-11-07 20:20:26, 11.83, 306.1, 11.83
S8, 2012-11-07 20:20:29, 11.83, 327.1, 11.83
S8, 2012-11-07 20:20:32, 9.57, 320.1, 9.57
S8, 2012-11-07 20:20:35, 12.39, 318.7, 12.39
S8, 2012-11-07 20:20:38, 14.09, 296.2, 14.09
S8, 2012-11-07 20:20:41, 12.39, 301.8, 12.39
S8, 2012-11-07 20:20:44, 11.83, 296.2, 11.83
S8, 2012-11-07 20:20:47, 10.13, 275.2, 10.13
S8, 2012-11-07 20:20:50, 9.57, 271, 9.57
S8, 2012-11-07 20:20:53, 7.31, 283.6, 7.31
S8, 2012-11-07 20:20:56, 7.31, 310.3, 7.31
S8, 2012-11-07 20:20:59, 11.27, 327.1, 11.27
S8, 2012-11-07 20:21:02, 11.83, 324.3, 11.83
S8, 2012-11-07 20:21:05, 12.39, 315.9, 12.39
S8, 2012-11-07 20:21:08, 8.46, 320.1, 8.46
S8, 2012-11-07 20:21:11, 7.31, 332.7, 7.31
S8, 2012-11-07 20:21:14, 9.01, 329.9, 9.01
S8, 2012-11-07 20:21:17, 7.9, 324.3, 7.9
S8, 2012-11-07 20:21:20, 9.01, 336.9, 9.01
S8, 2012-11-07 20:21:23, 9.57, 331.3, 9.57
S8, 2012-11-07 20:21:26, 11.83, 327.1, 11.83
S8, 2012-11-07 20:21:29, 11.83, 329.9, 11.83
S8, 2012-11-07 20:21:32, 12.39, 327.1, 12.39
S8, 2012-11-07 20:21:35, 11.27, 321.5, 11.27
S8, 2012-11-07 20:21:38, 9.57, 331.3, 9.57
S8, 2012-11-07 20:21:41, 9.01, 331.3, 9.01
S8, 2012-11-07 20:21:44, 9.01, 335.5, 9.01
S8, 2012-11-07 20:21:47, 8.46, 331.3, 8.46
S8, 2012-11-07 20:21:50, 8.46, 336.9, 8.46
S8, 2012-11-07 20:21:53, 7.9, 331.3, 7.9
S8, 2012-11-07 20:21:56, 7.9, 324.3, 7.9
S8, 2012-11-07 20:21:59, 7.9, 320.1, 7.9
S8, 2012-11-07 20:22:02, 7.9, 332.7, 7.9
S8, 2012-11-07 20:22:05, 9.57, 324.3, 9.57
S8, 2012-11-07 20:22:08, 8.46, 320.1, 8.46
S8, 2012-11-07 20:22:11, 8.46, 320.1, 8.46
S8, 2012-11-07 20:22:14, 8.46, 320.1, 8.46
S8, 2012-11-07 20:22:17, 7.9, 320.1, 7.9
S8, 2012-11-07 20:22:20, 7.9, 320.1, 7.9
S8, 2012-11-07 20:22:23, 9.01, 320.1, 9.01
S8, 2012-11-07 20:22:26, 7.31, 345.4, 7.31
S8, 2012-11-07 20:22:29, 7.31, 335.5, 7.31
S8, 2012-11-07 20:22:32, 7.9, 336.9, 7.9
S8, 2012-11-07 20:22:35, 6.2, 344, 6.2
S8, 2012-11-07 20:22:38, 5.08, 338.3, 5.08
S8, 2012-11-07 20:22:41, 4.5, 338.3, 4.5
S8, 2012-11-07 20:22:44, 5.08, 341.2, 5.08
S8, 2012-11-07 20:22:47, 8.46, 329.9, 8.46
S8, 2012-11-07 20:22:50, 7.31, 341.2, 7.31
S8, 2012-11-07 20:22:53, 6.2, 351, 6.2
S8, 2012-11-07 20:22:56, 6.2, 352.4, 6.2
S8, 2012-11-07 20:22:59, 9.01, 327.1, 9.01
S8, 2012-11-07 20:23:02, 10.69, 332.7, 10.69
S8, 2012-11-07 20:23:05, 10.69, 335.5, 10.69
S8, 2012-11-07 20:23:08, 10.13, 327.1, 10.13
S8, 2012-11-07 20:23:11, 9.01, 336.9, 9.01
S8, 2012-11-07 20:23:14, 9.01, 321.5, 9.01
S8, 2012-11-07 20:23:17, 8.46, 324.3, 8.46
S8, 2012-11-07 20:23:20, 8.46, 331.3, 8.46
S8, 2012-11-07 20:23:23, 7.31, 327.1, 7.31
S8, 2012-11-07 20:23:26, 6.2, 331.3, 6.2
S8, 2012-11-07 20:23:29, 7.31, 352.4, 7.31
S8, 2012-11-07 20:23:32, 7.31, 341.2, 7.31
S8, 2012-11-07 20:23:35, 10.13, 315.9, 10.13
S8, 2012-11-07 20:23:38, 7.9, 315.9, 7.9
S8, 2012-11-07 20:23:41, 8.46, 322.9, 8.46
S8, 2012-11-07 20:23:44, 9.57, 349.6, 9.57
S8, 2012-11-07 20:23:47, 9.01, 349.6, 9.01
S8, 2012-11-07 20:23:50, 8.46, 324.3, 8.46
S8, 2012-11-07 20:23:53, 9.01, 327.1, 9.01
S8, 2012-11-07 20:23:56, 11.83, 336.9, 11.83
S8, 2012-11-07 20:23:59, 10.13, 338.3, 10.13
S8, 2012-11-07 20:24:02, 10.69, 327.1, 10.69
S8, 2012-11-07 20:24:05, 9.01, 344, 9.01
S8, 2012-11-07 20:24:08, 10.13, 338.3, 10.13
S8, 2012-11-07 20:24:11, 8.46, 341.2, 8.46
S8, 2012-11-07 20:24:14, 8.46, 351, 8.46
S8, 2012-11-07 20:24:17, 9.01, 329.9, 9.01
S8, 2012-11-07 20:24:20, 8.46, 5.6, 8.46
S8, 2012-11-07 20:24:23, 11.83, 346.8, 11.83
S8, 2012-11-07 20:24:26, 13.51, 336.9, 13.51
S8, 2012-11-07 20:24:29, 10.69, 332.7, 10.69
S8, 2012-11-07 20:24:32, 11.27, 355.2, 11.27
S8, 2012-11-07 20:24:35, 12.39, 336.9, 12.39
S8, 2012-11-07 20:24:38, 12.39, 336.9, 12.39
S8, 2012-11-07 20:24:41, 12.39, 351, 12.39
S8, 2012-11-07 20:24:44, 10.69, 338.3, 10.69
S8, 2012-11-07 20:24:47, 9.01, 335.5, 9.01
S8, 2012-11-07 20:24:50, 9.57, 345.4, 9.57
S8, 2012-11-07 20:24:53, 8.46, 352.4, 8.46
S8, 2012-11-07 20:24:56, 7.9, 336.9, 7.9
S8, 2012-11-07 20:24:59, 6.76, 344, 6.76
S8, 2012-11-07 20:25:02, 7.9, 344, 7.9
S8, 2012-11-07 20:25:05, 10.13, 352.4, 10.13
S8, 2012-11-07 20:25:08, 9.01, 336.9, 9.01
S8, 2012-11-07 20:25:11, 10.69, 338.3, 10.69
S8, 2012-11-07 20:25:14, 9.01, 342.6, 9.01
S8, 2012-11-07 20:25:17, 8.46, 338.3, 8.46
S8, 2012-11-07 20:25:20, 9.57, 336.9, 9.57
S8, 2012-11-07 20:25:23, 9.57, 327.1, 9.57
S8, 2012-11-07 20:25:26, 9.57, 331.3, 9.57
S8, 2012-11-07 20:25:29, 8.46, 332.7, 8.46
S8, 2012-11-07 20:25:32, 9.57, 329.9, 9.57
S8, 2012-11-07 20:25:35, 8.46, 335.5, 8.46
S8, 2012-11-07 20:25:38, 9.57, 331.3, 9.57
S8, 2012-11-07 20:25:41, 10.13, 332.7, 10.13
S8, 2012-11-07 20:25:44, 9.57, 329.9, 9.57
S8, 2012-11-07 20:25:47, 8.46, 342.6, 8.46
S8, 2012-11-07 20:25:50, 8.46, 331.3, 8.46
S8, 2012-11-07 20:25:53, 7.9, 329.9, 7.9
S8, 2012-11-07 20:25:56, 7.31, 345.4, 7.31
S8, 2012-11-07 20:25:59, 5.64, 336.9, 5.64
S8, 2012-11-07 20:26:02, 6.76, 346.8, 6.76
S8, 2012-11-07 20:26:05, 7.31, 351, 7.31
S8, 2012-11-07 20:26:08, 5.64, 336.9, 5.64
S8, 2012-11-07 20:26:11, 5.64, 327.1, 5.64
S8, 2012-11-07 20:26:14, 6.76, 324.3, 6.76
S8, 2012-11-07 20:26:17, 6.76, 352.4, 6.76
S8, 2012-11-07 20:26:20, 9.57, 352.4, 9.57
S8, 2012-11-07 20:26:23, 8.46, 349.6, 8.46
S8, 2012-11-07 20:26:26, 7.31, 345.4, 7.31
S8, 2012-11-07 20:26:29, 7.31, 349.6, 7.31
S8, 2012-11-07 20:26:32, 6.76, 342.6, 6.76
S8, 2012-11-07 20:26:35, 7.9, 352.4, 7.9
S8, 2012-11-07 20:26:38, 7.9, 345.4, 7.9
S8, 2012-11-07 20:26:41, 7.9, 0, 7.9
S8, 2012-11-07 20:26:44, 6.2, 296.2, 6.2
S8, 2012-11-07 20:26:47, 9.57, 324.3, 9.57
S8, 2012-11-07 20:26:50, 10.13, 327.1, 10.13
S8, 2012-11-07 20:26:53, 7.9, 353.8, 7.9
S8, 2012-11-07 20:26:56, 9.57, 5.6, 9.57
S8, 2012-11-07 20:26:59, 10.69, 1.4, 10.69
S8, 2012-11-07 20:27:02, 11.27, 18.3, 11.27
S8, 2012-11-07 20:27:05, 8.46, 5.6, 8.46
S8, 2012-11-07 20:27:08, 9.57, 0, 9.57
S8, 2012-11-07 20:27:11, 7.9, 345.4, 7.9
S8, 2012-11-07 20:27:14, 7.9, 355.2, 7.9
S8, 2012-11-07 20:27:17, 7.9, 345.4, 7.9
S8, 2012-11-07 20:27:20, 7.9, 335.5, 7.9
S8, 2012-11-07 20:27:23, 10.13, 338.3, 10.13
S8, 2012-11-07 20:27:26, 10.13, 335.5, 10.13
S8, 2012-11-07 20:27:29, 9.57, 349.6, 9.57
S8, 2012-11-07 20:27:32, 10.13, 327.1, 10.13
S8, 2012-11-07 20:27:35, 6.76, 344, 6.76
S8, 2012-11-07 20:27:38, 5.08, 341.2, 5.08
S8, 2012-11-07 20:27:41, 6.2, 0, 6.2
S8, 2012-11-07 20:27:44, 6.2, 355.2, 6.2
S8, 2012-11-07 20:27:47, 7.31, 355.2, 7.31
S8, 2012-11-07 20:27:50, 5.64, 345.4, 5.64
S8, 2012-11-07 20:27:53, 6.76, 344, 6.76
S8, 2012-11-07 20:27:56, 9.01, 345.4, 9.01
S8, 2012-11-07 20:27:59, 10.13, 336.9, 10.13
S8, 2012-11-07 20:28:02, 9.01, 342.6, 9.01
S8, 2012-11-07 20:28:05, 9.01, 335.5, 9.01
S8, 2012-11-07 20:28:08, 9.01, 332.7, 9.01
S8, 2012-11-07 20:28:11, 9.01, 344, 9.01
S8, 2012-11-07 20:28:14, 8.46, 345.4, 8.46
S8, 2012-11-07 20:28:17, 9.01, 332.7, 9.01
S8, 2012-11-07 20:28:20, 9.57, 341.2, 9.57
S8, 2012-11-07 20:28:23, 9.01, 341.2, 9.01
S8, 2012-11-07 20:28:26, 9.01, 349.6, 9.01
S8, 2012-11-07 20:28:29, 8.46, 353.8, 8.46
S8, 2012-11-07 20:28:32, 7.9, 0, 7.9
S8, 2012-11-07 20:28:35, 7.9, 353.8, 7.9
S8, 2012-11-07 20:28:38, 10.69, 345.4, 10.69
S8, 2012-11-07 20:28:41, 14.09, 338.3, 14.09
S8, 2012-11-07 20:28:44, 12.39, 332.7, 12.39
S8, 2012-11-07 20:28:47, 14.09, 331.3, 14.09
S8, 2012-11-07 20:28:50, 11.27, 335.5, 11.27
S8, 2012-11-07 20:28:53, 14.65, 315.9, 14.65
S8, 2012-11-07 20:28:56, 14.09, 342.6, 14.09
S8, 2012-11-07 20:28:59, 13.51, 322.9, 13.51
S8, 2012-11-07 20:29:02, 14.65, 315.9, 14.65
S8, 2012-11-07 20:29:05, 14.65, 318.7, 14.65
S8, 2012-11-07 20:29:08, 12.39, 315.9, 12.39
S8, 2012-11-07 20:29:11, 10.13, 304.7, 10.13
S8, 2012-11-07 20:29:14, 10.13, 327.1, 10.13
S8, 2012-11-07 20:29:17, 10.13, 314.5, 10.13
S8, 2012-11-07 20:29:20, 12.95, 313.1, 12.95
S8, 2012-11-07 20:29:23, 9.57, 336.9, 9.57
S8, 2012-11-07 20:29:26, 11.83, 349.6, 11.83
S8, 2012-11-07 20:29:29, 12.95, 338.3, 12.95
S8, 2012-11-07 20:29:32, 12.39, 352.4, 12.39
S8, 2012-11-07 20:29:35, 11.83, 353.8, 11.83
S8, 2012-11-07 20:29:38, 10.13, 336.9, 10.13
S8, 2012-11-07 20:29:41, 7.31, 342.6, 7.31
S8, 2012-11-07 20:29:44, 9.57, 346.8, 9.57
S8, 2012-11-07 20:29:47, 8.46, 352.4, 8.46
S8, 2012-11-07 20:29:50, 8.46, 351, 8.46
S8, 2012-11-07 20:29:53, 8.46, 352.4, 8.46
S8, 2012-11-07 20:29:56, 8.46, 352.4, 8.46
S8, 2012-11-07 20:29:59, 9.57, 321.5, 9.57
S8, 2012-11-07 20:30:02, 12.95, 322.9, 12.95
S8, 2012-11-07 20:30:05, 14.09, 324.3, 14.09
S8, 2012-11-07 20:30:08, 15.77, 315.9, 15.77
S8, 2012-11-07 20:30:11, 15.77, 336.9, 15.77
S8, 2012-11-07 20:30:14, 15.77, 336.9, 15.77
S8, 2012-11-07 20:30:17, 15.21, 329.9, 15.21
S8, 2012-11-07 20:30:20, 16.89, 332.7, 16.89
S8, 2012-11-07 20:30:23, 16.33, 324.3, 16.33
S8, 2012-11-07 20:30:26, 16.89, 336.9, 16.89
S8, 2012-11-07 20:30:29, 18.03, 338.3, 18.03
S8, 2012-11-07 20:30:32, 17.47, 336.9, 17.47
S8, 2012-11-07 20:30:35, 15.21, 338.3, 15.21
S8, 2012-11-07 20:30:38, 15.77, 336.9, 15.77
S8, 2012-11-07 20:30:41, 14.09, 336.9, 14.09
S8, 2012-11-07 20:30:53, 14.09, 342.6, 14.09
S8, 2012-11-07 20:30:56, 14.65, 346.8, 14.65
S8, 2012-11-07 20:30:59, 13.51, 338.3, 13.51
S8, 2012-11-07 20:31:02, 14.09, 329.9, 14.09
S8, 2012-11-07 20:31:05, 12.95, 336.9, 12.95
S8, 2012-11-07 20:31:08, 11.83, 332.7, 11.83
S8, 2012-11-07 20:31:11, 10.69, 332.7, 10.69
S8, 2012-11-07 20:31:14, 10.13, 352.4, 10.13
S8, 2012-11-07 20:31:17, 10.69, 0, 10.69
S8, 2012-11-07 20:31:20, 9.57, 344, 9.57
S8, 2012-11-07 20:31:23, 9.57, 342.6, 9.57
S8, 2012-11-07 20:31:26, 10.13, 341.2, 10.13
S8, 2012-11-07 20:31:29, 12.39, 344, 12.39
S8, 2012-11-07 20:31:32, 11.83, 341.2, 11.83
S8, 2012-11-07 20:31:35, 12.39, 341.2, 12.39
S8, 2012-11-07 20:31:38, 12.39, 338.3, 12.39
S8, 2012-11-07 20:31:41, 11.83, 338.3, 11.83
S8, 2012-11-07 20:31:44, 11.27, 336.9, 11.27
S8, 2012-11-07 20:31:47, 12.39, 352.4, 12.39
S8, 2012-11-07 20:31:50, 11.27, 355.2, 11.27
S8, 2012-11-07 20:31:53, 11.83, 5.6, 11.83
S8, 2012-11-07 20:31:56, 11.27, 346.8, 11.27
S8, 2012-11-07 20:31:59, 10.69, 355.2, 10.69
S8, 2012-11-07 20:32:02, 10.13, 0, 10.13
S8, 2012-11-07 20:32:05, 11.27, 353.8, 11.27
S8, 2012-11-07 20:32:08, 11.27, 1.4, 11.27
S8, 2012-11-07 20:32:11, 10.13, 352.4, 10.13
S8, 2012-11-07 20:32:14, 10.13, 351, 10.13
S8, 2012-11-07 20:32:17, 10.13, 355.2, 10.13
S8, 2012-11-07 20:32:20, 12.95, 355.2, 12.95
S8, 2012-11-07 20:32:23, 12.39, 331.3, 12.39
S8, 2012-11-07 20:32:26, 11.27, 349.6, 11.27
S8, 2012-11-07 20:32:29, 15.21, 338.3, 15.21
S8, 2012-11-07 20:32:32, 11.27, 349.6, 11.27
S8, 2012-11-07 20:32:35, 11.27, 352.4, 11.27
S8, 2012-11-07 20:32:38, 10.69, 341.2, 10.69
S8, 2012-11-07 20:32:41, 10.13, 332.7, 10.13
S8, 2012-11-07 20:32:44, 9.01, 341.2, 9.01
S8, 2012-11-07 20:32:47, 7.9, 342.6, 7.9
S8, 2012-11-07 20:32:50, 9.01, 341.2, 9.01
S8, 2012-11-07 20:32:53, 6.2, 1.4, 6.2
S8, 2012-11-07 20:32:56, 7.31, 344, 7.31
S8, 2012-11-07 20:32:59, 6.2, 9.8, 6.2
S8, 2012-11-07 20:33:02, 6.76, 5.6, 6.76
S8, 2012-11-07 20:33:05, 7.9, 1.4, 7.9
S8, 2012-11-07 20:33:08, 9.01, 0, 9.01
S8, 2012-11-07 20:33:11, 11.27, 355.2, 11.27
S8, 2012-11-07 20:33:14, 10.13, 355.2, 10.13
S8, 2012-11-07 20:33:17, 9.01, 0, 9.01
S8, 2012-11-07 20:33:20, 8.46, 353.8, 8.46
S8, 2012-11-07 20:33:23, 9.57, 355.2, 9.57
S8, 2012-11-07 20:33:26, 9.01, 351, 9.01
S8, 2012-11-07 20:33:29, 8.46, 355.2, 8.46
S8, 2012-11-07 20:33:32, 8.46, 355.2, 8.46
S8, 2012-11-07 20:33:35, 9.57, 355.2, 9.57
S8, 2012-11-07 20:33:38, 11.83, 351, 11.83
S8, 2012-11-07 20:33:41, 11.27, 332.7, 11.27
S8, 2012-11-07 20:33:44, 12.39, 331.3, 12.39
S8, 2012-11-07 20:33:47, 10.13, 332.7, 10.13
S8, 2012-11-07 20:33:50, 9.57, 345.4, 9.57
S8, 2012-11-07 20:33:53, 10.13, 332.7, 10.13
S8, 2012-11-07 20:33:56, 11.83, 332.7, 11.83
S8, 2012-11-07 20:33:59, 10.13, 320.1, 10.13
S8, 2012-11-07 20:34:02, 8.46, 342.6, 8.46
S8, 2012-11-07 20:34:05, 12.39, 341.2, 12.39
S8, 2012-11-07 20:34:08, 11.27, 332.7, 11.27
S8, 2012-11-07 20:34:11, 8.46, 327.1, 8.46
S8, 2012-11-07 20:34:14, 10.13, 341.2, 10.13
S8, 2012-11-07 20:34:17, 10.13, 329.9, 10.13
S8, 2012-11-07 20:34:20, 9.01, 336.9, 9.01
S8, 2012-11-07 20:34:23, 5.08, 338.3, 5.08
S8, 2012-11-07 20:34:26, 5.08, 342.6, 5.08
S8, 2012-11-07 20:34:29, 6.76, 341.2, 6.76
S8, 2012-11-07 20:34:32, 9.01, 338.3, 9.01
S8, 2012-11-07 20:34:35, 9.57, 345.4, 9.57
S8, 2012-11-07 20:34:38, 10.13, 344, 10.13
S8, 2012-11-07 20:34:41, 7.9, 346.8, 7.9
S8, 2012-11-07 20:34:44, 7.31, 349.6, 7.31
S8, 2012-11-07 20:34:47, 10.13, 352.4, 10.13
S8, 2012-11-07 20:34:50, 11.27, 346.8, 11.27
S8, 2012-11-07 20:34:53, 10.69, 342.6, 10.69
S8, 2012-11-07 20:34:56, 10.13, 352.4, 10.13
S8, 2012-11-07 20:34:59, 9.57, 353.8, 9.57
S8, 2012-11-07 20:35:02, 7.9, 345.4, 7.9
S8, 2012-11-07 20:35:05, 8.46, 331.3, 8.46
S8, 2012-11-07 20:35:08, 8.46, 331.3, 8.46
S8, 2012-11-07 20:35:11, 7.9, 327.1, 7.9
S8, 2012-11-07 20:35:14, 8.46, 355.2, 8.46
S8, 2012-11-07 20:35:17, 8.46, 355.2, 8.46
S8, 2012-11-07 20:35:20, 8.46, 353.8, 8.46
S8, 2012-11-07 20:35:23, 7.31, 352.4, 7.31
S8, 2012-11-07 20:35:26, 7.31, 352.4, 7.31
S8, 2012-11-07 20:35:29, 7.9, 322.9, 7.9
S8, 2012-11-07 20:35:32, 8.46, 336.9, 8.46
S8, 2012-11-07 20:35:35, 10.69, 315.9, 10.69
S8, 2012-11-07 20:35:38, 10.13, 318.7, 10.13
S8, 2012-11-07 20:35:41, 9.57, 306.1, 9.57
S8, 2012-11-07 20:35:44, 9.57, 310.3, 9.57
S8, 2012-11-07 20:35:47, 8.46, 329.9, 8.46
S8, 2012-11-07 20:35:50, 9.01, 310.3, 9.01
S8, 2012-11-07 20:35:53, 7.9, 318.7, 7.9
S8, 2012-11-07 20:35:56, 9.57, 315.9, 9.57
S8, 2012-11-07 20:35:59, 10.69, 324.3, 10.69
S8, 2012-11-07 20:36:02, 9.57, 342.6, 9.57
S8, 2012-11-07 20:36:05, 7.9, 344, 7.9
S8, 2012-11-07 20:36:08, 6.76, 346.8, 6.76
S8, 2012-11-07 20:36:11, 7.31, 344, 7.31
S8, 2012-11-07 20:36:14, 8.46, 345.4, 8.46
S8, 2012-11-07 20:36:17, 9.01, 332.7, 9.01
S8, 2012-11-07 20:36:20, 9.57, 341.2, 9.57
S8, 2012-11-07 20:36:23, 15.21, 320.1, 15.21
S8, 2012-11-07 20:36:26, 12.39, 313.1, 12.39
S8, 2012-11-07 20:36:29, 12.39, 320.1, 12.39
S8, 2012-11-07 20:36:32, 15.21, 341.2, 15.21
S8, 2012-11-07 20:36:35, 15.77, 331.3, 15.77
S8, 2012-11-07 20:36:38, 12.39, 310.3, 12.39
S8, 2012-11-07 20:36:41, 12.39, 315.9, 12.39
S8, 2012-11-07 20:36:44, 10.69, 314.5, 10.69
S8, 2012-11-07 20:36:47, 11.83, 292, 11.83
S8, 2012-11-07 20:36:50, 12.39, 320.1, 12.39
S8, 2012-11-07 20:36:53, 11.27, 304.7, 11.27
S8, 2012-11-07 20:36:56, 10.69, 336.9, 10.69
S8, 2012-11-07 20:36:59, 10.69, 332.7, 10.69
S8, 2012-11-07 20:37:02, 12.39, 344, 12.39
S8, 2012-11-07 20:37:05, 10.69, 336.9, 10.69
S8, 2012-11-07 20:37:08, 7.9, 341.2, 7.9
S8, 2012-11-07 20:37:11, 9.57, 341.2, 9.57
S8, 2012-11-07 20:37:14, 10.13, 344, 10.13
S8, 2012-11-07 20:37:17, 9.01, 331.3, 9.01
S8, 2012-11-07 20:37:20, 10.13, 345.4, 10.13
S8, 2012-11-07 20:37:23, 9.57, 2.8, 9.57
S8, 2012-11-07 20:37:26, 9.57, 324.3, 9.57
S8, 2012-11-07 20:37:29, 11.83, 344, 11.83
S8, 2012-11-07 20:37:32, 13.51, 336.9, 13.51
S8, 2012-11-07 20:37:35, 12.95, 342.6, 12.95
S8, 2012-11-07 20:37:38, 13.51, 351, 13.51
S8, 2012-11-07 20:37:41, 12.95, 346.8, 12.95
S8, 2012-11-07 20:37:44, 11.83, 336.9, 11.83
S8, 2012-11-07 20:37:47, 10.13, 349.6, 10.13
S8, 2012-11-07 20:37:50, 9.01, 355.2, 9.01
S8, 2012-11-07 20:37:53, 10.69, 0, 10.69
S8, 2012-11-07 20:37:56, 11.83, 355.2, 11.83
S8, 2012-11-07 20:37:59, 11.27, 346.8, 11.27
S8, 2012-11-07 20:38:02, 9.01, 0, 9.01
S8, 2012-11-07 20:38:05, 11.27, 355.2, 11.27
S8, 2012-11-07 20:38:08, 11.83, 346.8, 11.83
S8, 2012-11-07 20:38:11, 11.27, 0, 11.27
S8, 2012-11-07 20:38:14, 10.69, 353.8, 10.69
S8, 2012-11-07 20:38:17, 14.09, 349.6, 14.09
S8, 2012-11-07 20:38:20, 11.83, 355.2, 11.83
S8, 2012-11-07 20:38:23, 11.83, 344, 11.83
S8, 2012-11-07 20:38:26, 12.39, 346.8, 12.39
S8, 2012-11-07 20:38:29, 13.51, 315.9, 13.51
S8, 2012-11-07 20:38:32, 14.65, 332.7, 14.65
S8, 2012-11-07 20:38:35, 14.09, 342.6, 14.09
S8, 2012-11-07 20:38:38, 15.21, 351, 15.21
S8, 2012-11-07 20:38:41, 14.65, 355.2, 14.65
S8, 2012-11-07 20:38:44, 15.21, 344, 15.21
S8, 2012-11-07 20:38:47, 15.77, 346.8, 15.77
S8, 2012-11-07 20:38:50, 14.65, 353.8, 14.65
S8, 2012-11-07 20:38:53, 14.09, 2.8, 14.09
S8, 2012-11-07 20:38:56, 15.21, 346.8, 15.21
S8, 2012-11-07 20:38:59, 12.39, 355.2, 12.39
S8, 2012-11-07 20:39:02, 10.13, 345.4, 10.13
S8, 2012-11-07 20:39:05, 11.83, 345.4, 11.83
S8, 2012-11-07 20:39:08, 11.27, 315.9, 11.27
S8, 2012-11-07 20:39:11, 10.69, 329.9, 10.69
S8, 2012-11-07 20:39:14, 10.69, 331.3, 10.69
S8, 2012-11-07 20:39:17, 9.57, 329.9, 9.57
S8, 2012-11-07 20:39:20, 11.27, 324.3, 11.27
S8, 2012-11-07 20:39:23, 8.46, 304.7, 8.46
S8, 2012-11-07 20:39:26, 7.31, 308.9, 7.31
S8, 2012-11-07 20:39:29, 12.95, 314.5, 12.95
S8, 2012-11-07 20:39:32, 11.27, 324.3, 11.27
S8, 2012-11-07 20:39:35, 16.33, 320.1, 16.33
S8, 2012-11-07 20:39:38, 14.65, 321.5, 14.65
S8, 2012-11-07 20:39:41, 11.83, 332.7, 11.83
S8, 2012-11-07 20:39:44, 12.39, 310.3, 12.39
S8, 2012-11-07 20:39:47, 11.27, 329.9, 11.27
S8, 2012-11-07 20:39:50, 12.39, 338.3, 12.39
S8, 2012-11-07 20:39:53, 12.39, 335.5, 12.39
S8, 2012-11-07 20:39:56, 12.39, 0, 12.39
S8, 2012-11-07 20:39:59, 14.09, 353.8, 14.09
S8, 2012-11-07 20:40:02, 13.51, 355.2, 13.51
S8, 2012-11-07 20:40:05, 14.65, 341.2, 14.65
S8, 2012-11-07 20:40:08, 16.89, 344, 16.89
S8, 2012-11-07 20:40:11, 15.21, 341.2, 15.21
S8, 2012-11-07 20:40:14, 11.83, 335.5, 11.83
S8, 2012-11-07 20:40:17, 10.13, 349.6, 10.13
S8, 2012-11-07 20:40:20, 7.9, 321.5, 7.9
S8, 2012-11-07 20:40:23, 11.83, 322.9, 11.83
S8, 2012-11-07 20:40:26, 11.83, 320.1, 11.83
S8, 2012-11-07 20:40:29, 11.83, 341.2, 11.83
S8, 2012-11-07 20:40:32, 10.69, 345.4, 10.69
S8, 2012-11-07 20:40:35, 14.65, 329.9, 14.65
S8, 2012-11-07 20:40:38, 11.83, 342.6, 11.83
S8, 2012-11-07 20:40:41, 15.77, 332.7, 15.77
S8, 2012-11-07 20:40:44, 14.65, 338.3, 14.65
S8, 2012-11-07 20:40:47, 15.21, 335.5, 15.21
S8, 2012-11-07 20:40:50, 15.21, 332.7, 15.21
S8, 2012-11-07 20:40:53, 16.33, 335.5, 16.33
S8, 2012-11-07 20:40:56, 15.21, 341.2, 15.21
S8, 2012-11-07 20:40:59, 15.21, 332.7, 15.21
S8, 2012-11-07 20:41:02, 12.39, 351, 12.39
S8, 2012-11-07 20:41:05, 12.95, 332.7, 12.95
S8, 2012-11-07 20:41:08, 12.39, 324.3, 12.39
S8, 2012-11-07 20:41:11, 13.51, 341.2, 13.51
S8, 2012-11-07 20:41:14, 14.65, 352.4, 14.65
S8, 2012-11-07 20:41:17, 16.33, 349.6, 16.33
S8, 2012-11-07 20:41:20, 13.51, 338.3, 13.51
S8, 2012-11-07 20:41:23, 14.09, 341.2, 14.09
S8, 2012-11-07 20:41:26, 16.33, 342.6, 16.33
S8, 2012-11-07 20:41:29, 16.33, 341.2, 16.33
S8, 2012-11-07 20:41:32, 12.95, 349.6, 12.95
S8, 2012-11-07 20:41:35, 11.83, 349.6, 11.83
S8, 2012-11-07 20:41:38, 12.95, 332.7, 12.95
S8, 2012-11-07 20:41:41, 11.83, 345.4, 11.83
S8, 2012-11-07 20:41:44, 10.69, 332.7, 10.69
S8, 2012-11-07 20:41:47, 10.69, 338.3, 10.69
S8, 2012-11-07 20:41:50, 12.39, 332.7, 12.39
S8, 2012-11-07 20:41:53, 13.51, 338.3, 13.51
S8, 2012-11-07 20:41:56, 12.39, 0, 12.39
S8, 2012-11-07 20:41:59, 11.27, 344, 11.27
S8, 2012-11-07 20:42:02, 9.57, 345.4, 9.57
S8, 2012-11-07 20:42:05, 8.46, 314.5, 8.46
S8, 2012-11-07 20:42:08, 7.31, 336.9, 7.31
S8, 2012-11-07 20:42:11, 9.01, 345.4, 9.01
S8, 2012-11-07 20:42:14, 12.95, 0, 12.95
S8, 2012-11-07 20:42:17, 14.65, 349.6, 14.65
S8, 2012-11-07 20:42:20, 13.51, 344, 13.51
S8, 2012-11-07 20:42:23, 12.39, 353.8, 12.39
S8, 2012-11-07 20:42:26, 14.09, 345.4, 14.09
S8, 2012-11-07 20:42:29, 12.95, 336.9, 12.95
S8, 2012-11-07 20:42:32, 10.13, 331.3, 10.13
S8, 2012-11-07 20:42:35, 13.51, 324.3, 13.51
S8, 2012-11-07 20:42:38, 13.51, 331.3, 13.51
S8, 2012-11-07 20:42:41, 11.83, 327.1, 11.83
S8, 2012-11-07 20:42:44, 11.83, 321.5, 11.83
S8, 2012-11-07 20:42:47, 12.39, 327.1, 12.39
S8, 2012-11-07 20:42:50, 10.13, 327.1, 10.13
S8, 2012-11-07 20:42:53, 10.69, 331.3, 10.69
S8, 2012-11-07 20:42:56, 10.13, 321.5, 10.13
S8, 2012-11-07 20:42:59, 7.9, 324.3, 7.9
S8, 2012-11-07 20:43:02, 10.13, 320.1, 10.13
S8, 2012-11-07 20:43:05, 12.95, 313.1, 12.95
S8, 2012-11-07 20:43:08, 10.69, 314.5, 10.69
S8, 2012-11-07 20:43:11, 10.69, 287.8, 10.69
S8, 2012-11-07 20:43:14, 10.69, 318.7, 10.69
S8, 2012-11-07 20:43:17, 10.13, 307.5, 10.13
S8, 2012-11-07 20:43:20, 11.83, 314.5, 11.83
S8, 2012-11-07 20:43:23, 13.51, 320.1, 13.51
S8, 2012-11-07 20:43:26, 11.83, 332.7, 11.83
S8, 2012-11-07 20:43:29, 11.83, 327.1, 11.83
S8, 2012-11-07 20:43:32, 11.27, 321.5, 11.27
S8, 2012-11-07 20:43:35, 10.13, 315.9, 10.13
S8, 2012-11-07 20:43:38, 10.13, 322.9, 10.13
S8, 2012-11-07 20:43:41, 11.83, 315.9, 11.83
S8, 2012-11-07 20:43:44, 11.83, 327.1, 11.83
S8, 2012-11-07 20:43:47, 11.27, 313.1, 11.27
S8, 2012-11-07 20:43:50, 11.83, 315.9, 11.83
S8, 2012-11-07 20:43:53, 10.13, 301.8, 10.13
S8, 2012-11-07 20:43:56, 7.9, 313.1, 7.9
S8, 2012-11-07 20:43:59, 9.01, 306.1, 9.01
S8, 2012-11-07 20:44:02, 7.31, 332.7, 7.31
S8, 2012-11-07 20:44:05, 6.76, 0, 6.76
S8, 2012-11-07 20:44:08, 6.76, 327.1, 6.76
S8, 2012-11-07 20:44:11, 7.9, 322.9, 7.9
S8, 2012-11-07 20:44:14, 7.31, 336.9, 7.31
S8, 2012-11-07 20:44:17, 11.27, 344, 11.27
S8, 2012-11-07 20:44:20, 11.27, 331.3, 11.27
S8, 2012-11-07 20:44:23, 13.51, 338.3, 13.51
S8, 2012-11-07 20:44:26, 14.09, 344, 14.09
S8, 2012-11-07 20:44:29, 11.83, 332.7, 11.83
S8, 2012-11-07 20:44:32, 11.83, 324.3, 11.83
S8, 2012-11-07 20:44:35, 10.69, 335.5, 10.69
S8, 2012-11-07 20:44:38, 9.57, 335.5, 9.57
S8, 2012-11-07 20:44:41, 14.09, 331.3, 14.09
S8, 2012-11-07 20:44:44, 14.65, 351, 14.65
S8, 2012-11-07 20:44:47, 12.39, 342.6, 12.39
S8, 2012-11-07 20:44:50, 14.09, 349.6, 14.09
S8, 2012-11-07 20:44:53, 13.51, 345.4, 13.51
S8, 2012-11-07 20:44:56, 12.95, 327.1, 12.95
S8, 2012-11-07 20:44:59, 12.95, 315.9, 12.95
S8, 2012-11-07 20:45:02, 11.83, 318.7, 11.83
S8, 2012-11-07 20:45:05, 11.27, 341.2, 11.27
S8, 2012-11-07 20:45:08, 12.39, 352.4, 12.39
S8, 2012-11-07 20:45:11, 11.83, 331.3, 11.83
S8, 2012-11-07 20:45:14, 12.95, 349.6, 12.95
S8, 2012-11-07 20:45:17, 15.77, 336.9, 15.77
S8, 2012-11-07 20:45:20, 15.77, 345.4, 15.77
S8, 2012-11-07 20:45:23, 11.27, 0, 11.27
S8, 2012-11-07 20:45:26, 10.69, 0, 10.69
S8, 2012-11-07 20:45:29, 11.27, 26.7, 11.27
S8, 2012-11-07 20:45:32, 12.39, 0, 12.39
S8, 2012-11-07 20:45:35, 10.13, 1.4, 10.13
S8, 2012-11-07 20:45:38, 10.69, 2.8, 10.69
S8, 2012-11-07 20:45:41, 10.69, 1.4, 10.69
S8, 2012-11-07 20:45:44, 11.27, 0, 11.27
S8, 2012-11-07 20:45:47, 12.39, 351, 12.39
S8, 2012-11-07 20:45:50, 12.95, 342.6, 12.95
S8, 2012-11-07 20:45:53, 12.95, 349.6, 12.95
S8, 2012-11-07 20:45:56, 10.13, 329.9, 10.13
S8, 2012-11-07 20:45:59, 9.57, 349.6, 9.57
S8, 2012-11-07 20:46:02, 9.01, 351, 9.01
S8, 2012-11-07 20:46:05, 10.69, 351, 10.69
S8, 2012-11-07 20:46:08, 11.27, 22.5, 11.27
S8, 2012-11-07 20:46:11, 12.39, 2.8, 12.39
S8, 2012-11-07 20:46:14, 13.51, 0, 13.51
S8, 2012-11-07 20:46:17, 10.69, 353.8, 10.69
S8, 2012-11-07 20:46:20, 12.95, 352.4, 12.95
S8, 2012-11-07 20:46:23, 12.39, 0, 12.39
S8, 2012-11-07 20:46:26, 11.27, 355.2, 11.27
S8, 2012-11-07 20:46:29, 11.27, 0, 11.27
S8, 2012-11-07 20:46:32, 10.69, 352.4, 10.69
S8, 2012-11-07 20:46:35, 10.69, 0, 10.69
S8, 2012-11-07 20:46:38, 11.83, 345.4, 11.83
S8, 2012-11-07 20:46:41, 9.57, 341.2, 9.57
S8, 2012-11-07 20:46:44, 6.76, 344, 6.76
S8, 2012-11-07 20:46:47, 7.9, 351, 7.9
S8, 2012-11-07 20:46:50, 9.01, 346.8, 9.01
S8, 2012-11-07 20:46:53, 10.13, 1.4, 10.13
S8, 2012-11-07 20:46:56, 8.46, 344, 8.46
S8, 2012-11-07 20:46:59, 9.57, 352.4, 9.57
S8, 2012-11-07 20:47:02, 9.57, 5.6, 9.57
S8, 2012-11-07 20:47:05, 8.46, 355.2, 8.46
S8, 2012-11-07 20:47:08, 11.83, 345.4, 11.83
S8, 2012-11-07 20:47:11, 11.27, 338.3, 11.27
S8, 2012-11-07 20:47:14, 9.01, 353.8, 9.01
S8, 2012-11-07 20:47:17, 10.69, 352.4, 10.69
S8, 2012-11-07 20:47:20, 11.83, 355.2, 11.83
S8, 2012-11-07 20:47:23, 10.69, 353.8, 10.69
S8, 2012-11-07 20:47:26, 10.69, 338.3, 10.69
S8, 2012-11-07 20:47:29, 11.27, 341.2, 11.27
S8, 2012-11-07 20:47:32, 11.83, 341.2, 11.83
S8, 2012-11-07 20:47:35, 11.27, 338.3, 11.27
S8, 2012-11-07 20:47:38, 11.27, 332.7, 11.27
S8, 2012-11-07 20:47:41, 9.01, 332.7, 9.01
S8, 2012-11-07 20:47:44, 10.13, 332.7, 10.13
S8, 2012-11-07 20:47:47, 9.01, 345.4, 9.01
S8, 2012-11-07 20:47:50, 8.46, 329.9, 8.46
S8, 2012-11-07 20:47:53, 6.76, 332.7, 6.76
S8, 2012-11-07 20:47:56, 7.31, 332.7, 7.31
S8, 2012-11-07 20:47:59, 9.57, 341.2, 9.57
S8, 2012-11-07 20:48:02, 10.13, 341.2, 10.13
S8, 2012-11-07 20:48:05, 9.01, 336.9, 9.01
S8, 2012-11-07 20:48:08, 7.31, 331.3, 7.31
S8, 2012-11-07 20:48:11, 7.31, 332.7, 7.31
S8, 2012-11-07 20:48:14, 6.76, 327.1, 6.76
S8, 2012-11-07 20:48:17, 6.2, 315.9, 6.2
S8, 2012-11-07 20:48:20, 7.31, 327.1, 7.31
S8, 2012-11-07 20:48:23, 6.76, 314.5, 6.76
S8, 2012-11-07 20:48:26, 6.2, 345.4, 6.2
S8, 2012-11-07 20:48:29, 7.31, 336.9, 7.31
S8, 2012-11-07 20:48:32, 7.31, 338.3, 7.31
S8, 2012-11-07 20:48:35, 7.31, 341.2, 7.31
S8, 2012-11-07 20:48:38, 9.01, 338.3, 9.01
S8, 2012-11-07 20:48:41, 9.01, 332.7, 9.01
S8, 2012-11-07 20:48:44, 6.2, 318.7, 6.2
S8, 2012-11-07 20:48:47, 9.57, 324.3, 9.57
S8, 2012-11-07 20:48:50, 11.27, 320.1, 11.27
S8, 2012-11-07 20:48:53, 9.57, 322.9, 9.57
S8, 2012-11-07 20:48:56, 10.13, 315.9, 10.13
S8, 2012-11-07 20:48:59, 10.13, 324.3, 10.13
S8, 2012-11-07 20:49:02, 9.57, 344, 9.57
S8, 2012-11-07 20:49:05, 9.01, 352.4, 9.01
S8, 2012-11-07 20:49:08, 6.76, 352.4, 6.76
S8, 2012-11-07 20:49:11, 9.01, 351, 9.01
S8, 2012-11-07 20:49:14, 10.69, 324.3, 10.69
S8, 2012-11-07 20:49:17, 9.57, 345.4, 9.57
S8, 2012-11-07 20:49:20, 10.69, 345.4, 10.69
S8, 2012-11-07 20:49:23, 9.01, 0, 9.01
S8, 2012-11-07 20:49:26, 7.9, 8.4, 7.9
S8, 2012-11-07 20:49:29, 9.57, 336.9, 9.57
S8, 2012-11-07 20:49:32, 13.51, 355.2, 13.51
S8, 2012-11-07 20:49:35, 12.39, 355.2, 12.39
S8, 2012-11-07 20:49:38, 10.69, 1.4, 10.69
S8, 2012-11-07 20:49:41, 8.46, 9.8, 8.46
S8, 2012-11-07 20:49:44, 8.46, 1.4, 8.46
S8, 2012-11-07 20:49:47, 10.69, 351, 10.69
S8, 2012-11-07 20:49:50, 10.13, 345.4, 10.13
S8, 2012-11-07 20:49:53, 11.27, 346.8, 11.27
S8, 2012-11-07 20:49:56, 10.69, 352.4, 10.69
S8, 2012-11-07 20:49:59, 9.01, 351, 9.01
S8, 2012-11-07 20:50:02, 7.31, 345.4, 7.31
S8, 2012-11-07 20:50:05, 9.01, 315.9, 9.01
S8, 2012-11-07 20:50:08, 9.01, 342.6, 9.01
S8, 2012-11-07 20:50:11, 7.9, 336.9, 7.9
S8, 2012-11-07 20:50:14, 7.31, 352.4, 7.31
S8, 2012-11-07 20:50:17, 8.46, 352.4, 8.46
S8, 2012-11-07 20:50:20, 11.83, 355.2, 11.83
S8, 2012-11-07 20:50:23, 11.83, 352.4, 11.83
S8, 2012-11-07 20:50:26, 9.57, 338.3, 9.57
S8, 2012-11-07 20:50:29, 9.57, 327.1, 9.57
S8, 2012-11-07 20:50:32, 8.46, 320.1, 8.46
S8, 2012-11-07 20:50:35, 6.76, 349.6, 6.76
S8, 2012-11-07 20:50:38, 10.69, 353.8, 10.69
S8, 2012-11-07 20:50:41, 7.9, 332.7, 7.9
S8, 2012-11-07 20:50:44, 7.9, 336.9, 7.9
S8, 2012-11-07 20:50:47, 6.76, 345.4, 6.76
S8, 2012-11-07 20:50:50, 7.9, 297.6, 7.9
S8, 2012-11-07 20:50:53, 13.51, 329.9, 13.51
S8, 2012-11-07 20:50:56, 12.95, 324.3, 12.95
S8, 2012-11-07 20:50:59, 12.95, 336.9, 12.95
S8, 2012-11-07 20:51:02, 13.51, 327.1, 13.51
S8, 2012-11-07 20:51:05, 13.51, 321.5, 13.51
S8, 2012-11-07 20:51:08, 10.13, 320.1, 10.13
S8, 2012-11-07 20:51:11, 9.57, 301.8, 9.57
S8, 2012-11-07 20:51:14, 11.27, 314.5, 11.27
S8, 2012-11-07 20:51:17, 12.95, 315.9, 12.95
S8, 2012-11-07 20:51:20, 14.09, 327.1, 14.09
S8, 2012-11-07 20:51:23, 12.95, 318.7, 12.95
S8, 2012-11-07 20:51:26, 12.95, 320.1, 12.95
S8, 2012-11-07 20:51:29, 14.09, 327.1, 14.09
S8, 2012-11-07 20:51:32, 11.83, 338.3, 11.83
S8, 2012-11-07 20:51:35, 10.13, 336.9, 10.13
S8, 2012-11-07 20:51:38, 11.27, 332.7, 11.27
S8, 2012-11-07 20:51:41, 10.69, 345.4, 10.69
S8, 2012-11-07 20:51:44, 13.51, 341.2, 13.51
S8, 2012-11-07 20:51:47, 11.83, 335.5, 11.83
S8, 2012-11-07 20:51:50, 10.13, 324.3, 10.13
S8, 2012-11-07 20:51:53, 13.51, 336.9, 13.51
S8, 2012-11-07 20:51:56, 10.69, 324.3, 10.69
S8, 2012-11-07 20:51:59, 13.51, 327.1, 13.51
S8, 2012-11-07 20:52:02, 11.83, 324.3, 11.83
S8, 2012-11-07 20:52:05, 11.27, 332.7, 11.27
S8, 2012-11-07 20:52:08, 10.13, 321.5, 10.13
S8, 2012-11-07 20:52:11, 10.69, 310.3, 10.69
S8, 2012-11-07 20:52:14, 10.69, 355.2, 10.69
S8, 2012-11-07 20:52:17, 10.69, 327.1, 10.69
S8, 2012-11-07 20:52:20, 8.46, 322.9, 8.46
S8, 2012-11-07 20:52:23, 12.95, 327.1, 12.95
S8, 2012-11-07 20:52:26, 11.83, 324.3, 11.83
S8, 2012-11-07 20:52:29, 10.69, 331.3, 10.69
S8, 2012-11-07 20:52:32, 9.01, 318.7, 9.01
S8, 2012-11-07 20:52:35, 9.01, 332.7, 9.01
S8, 2012-11-07 20:52:38, 11.83, 336.9, 11.83
S8, 2012-11-07 20:52:41, 9.57, 327.1, 9.57
S8, 2012-11-07 20:52:44, 10.69, 336.9, 10.69
S8, 2012-11-07 20:52:47, 9.57, 338.3, 9.57
S8, 2012-11-07 20:52:50, 9.01, 320.1, 9.01
S8, 2012-11-07 20:52:53, 11.27, 327.1, 11.27
S8, 2012-11-07 20:52:56, 11.27, 314.5, 11.27
S8, 2012-11-07 20:52:59, 12.39, 324.3, 12.39
S8, 2012-11-07 20:53:02, 11.83, 315.9, 11.83
S8, 2012-11-07 20:53:05, 9.57, 322.9, 9.57
S8, 2012-11-07 20:53:08, 7.9, 321.5, 7.9
S8, 2012-11-07 20:53:11, 9.57, 315.9, 9.57
S8, 2012-11-07 20:53:14, 10.69, 314.5, 10.69
S8, 2012-11-07 20:53:17, 11.83, 327.1, 11.83
S8, 2012-11-07 20:53:20, 10.69, 318.7, 10.69
S8, 2012-11-07 20:53:23, 10.13, 314.5, 10.13
S8, 2012-11-07 20:53:26, 7.9, 346.8, 7.9
S8, 2012-11-07 20:53:29, 7.31, 321.5, 7.31
S8, 2012-11-07 20:53:32, 7.31, 324.3, 7.31
S8, 2012-11-07 20:53:35, 7.9, 322.9, 7.9
S8, 2012-11-07 20:53:38, 8.46, 338.3, 8.46
S8, 2012-11-07 20:53:41, 9.57, 332.7, 9.57
S8, 2012-11-07 20:53:44, 10.13, 329.9, 10.13
S8, 2012-11-07 20:53:47, 10.13, 338.3, 10.13
S8, 2012-11-07 20:53:50, 9.57, 341.2, 9.57
S8, 2012-11-07 20:53:53, 9.01, 332.7, 9.01
S8, 2012-11-07 20:53:56, 9.57, 329.9, 9.57
S8, 2012-11-07 20:53:59, 8.46, 324.3, 8.46
S8, 2012-11-07 20:54:02, 6.2, 331.3, 6.2
S8, 2012-11-07 20:54:05, 4.5, 331.3, 4.5
S8, 2012-11-07 20:54:08, 3.94, 327.1, 3.94
S8, 2012-11-07 20:54:11, 5.64, 315.9, 5.64
S8, 2012-11-07 20:54:14, 5.08, 318.7, 5.08
S8, 2012-11-07 20:54:17, 5.08, 315.9, 5.08
S8, 2012-11-07 20:54:20, 4.5, 313.1, 4.5
S8, 2012-11-07 20:54:23, 5.08, 346.8, 5.08
S8, 2012-11-07 20:54:26, 6.76, 0, 6.76
S8, 2012-11-07 20:54:29, 6.76, 349.6, 6.76
S8, 2012-11-07 20:54:32, 8.46, 320.1, 8.46
S8, 2012-11-07 20:54:35, 7.9, 324.3, 7.9
S8, 2012-11-07 20:54:38, 9.57, 335.5, 9.57
S8, 2012-11-07 20:54:41, 10.13, 336.9, 10.13
S8, 2012-11-07 20:54:44, 10.13, 345.4, 10.13
S8, 2012-11-07 20:54:47, 11.27, 345.4, 11.27
S8, 2012-11-07 20:54:50, 10.69, 342.6, 10.69
S8, 2012-11-07 20:54:53, 9.57, 331.3, 9.57
S8, 2012-11-07 20:54:56, 10.13, 332.7, 10.13
S8, 2012-11-07 20:54:59, 9.01, 338.3, 9.01
S8, 2012-11-07 20:55:02, 8.46, 336.9, 8.46
S8, 2012-11-07 20:55:05, 9.01, 351, 9.01
S8, 2012-11-07 20:55:08, 8.46, 345.4, 8.46
S8, 2012-11-07 20:55:11, 7.9, 335.5, 7.9
S8, 2012-11-07 20:55:14, 9.01, 351, 9.01
S8, 2012-11-07 20:55:17, 9.57, 344, 9.57
S8, 2012-11-07 20:55:20, 12.95, 351, 12.95
S8, 2012-11-07 20:55:23, 14.09, 332.7, 14.09
S8, 2012-11-07 20:55:26, 14.09, 353.8, 14.09
S8, 2012-11-07 20:55:29, 14.09, 332.7, 14.09
S8, 2012-11-07 20:55:32, 16.89, 341.2, 16.89
S8, 2012-11-07 20:55:35, 15.77, 352.4, 15.77
S8, 2012-11-07 20:55:38, 17.47, 338.3, 17.47
S8, 2012-11-07 20:55:41, 17.47, 342.6, 17.47
S8, 2012-11-07 20:55:44, 16.89, 345.4, 16.89
S8, 2012-11-07 20:55:47, 14.65, 351, 14.65
S8, 2012-11-07 20:55:50, 13.51, 352.4, 13.51
S8, 2012-11-07 20:55:53, 11.83, 342.6, 11.83
S8, 2012-11-07 20:55:56, 12.39, 336.9, 12.39
S8, 2012-11-07 20:55:59, 9.57, 332.7, 9.57
S8, 2012-11-07 20:56:02, 7.31, 0, 7.31
S8, 2012-11-07 20:56:05, 11.27, 355.2, 11.27
S8, 2012-11-07 20:56:08, 13.51, 336.9, 13.51
S8, 2012-11-07 20:56:11, 14.65, 345.4, 14.65
S8, 2012-11-07 20:56:14, 16.33, 341.2, 16.33
S8, 2012-11-07 20:56:17, 15.77, 345.4, 15.77
S8, 2012-11-07 20:56:20, 14.65, 338.3, 14.65
S8, 2012-11-07 20:56:23, 14.65, 346.8, 14.65
S8, 2012-11-07 20:56:26, 14.65, 355.2, 14.65
S8, 2012-11-07 20:56:29, 12.95, 345.4, 12.95
S8, 2012-11-07 20:56:32, 11.83, 341.2, 11.83
S8, 2012-11-07 20:56:35, 11.83, 336.9, 11.83
S8, 2012-11-07 20:56:38, 11.27, 353.8, 11.27
S8, 2012-11-07 20:56:41, 10.13, 335.5, 10.13
S8, 2012-11-07 20:56:44, 9.01, 315.9, 9.01
S8, 2012-11-07 20:56:47, 10.13, 346.8, 10.13
S8, 2012-11-07 20:56:50, 9.01, 341.2, 9.01
S8, 2012-11-07 20:56:53, 10.69, 332.7, 10.69
S8, 2012-11-07 20:56:56, 10.13, 344, 10.13
S8, 2012-11-07 20:56:59, 14.09, 332.7, 14.09
S8, 2012-11-07 20:57:02, 12.95, 349.6, 12.95
S8, 2012-11-07 20:57:05, 11.83, 352.4, 11.83
S8, 2012-11-07 20:57:08, 11.83, 342.6, 11.83
S8, 2012-11-07 20:57:11, 10.69, 342.6, 10.69
S8, 2012-11-07 20:57:14, 10.69, 336.9, 10.69
S8, 2012-11-07 20:57:17, 9.57, 341.2, 9.57
S8, 2012-11-07 20:57:20, 8.46, 355.2, 8.46
S8, 2012-11-07 20:57:23, 7.9, 9.8, 7.9
S8, 2012-11-07 20:57:26, 9.01, 14, 9.01
S8, 2012-11-07 20:57:29, 8.46, 355.2, 8.46
S8, 2012-11-07 20:57:32, 7.31, 14, 7.31
S8, 2012-11-07 20:57:35, 10.13, 8.4, 10.13
S8, 2012-11-07 20:57:38, 9.01, 352.4, 9.01
S8, 2012-11-07 20:57:41, 10.13, 0, 10.13
S8, 2012-11-07 20:57:44, 10.13, 355.2, 10.13
S8, 2012-11-07 20:57:47, 9.57, 355.2, 9.57
S8, 2012-11-07 20:57:50, 7.9, 345.4, 7.9
S8, 2012-11-07 20:57:53, 9.57, 0, 9.57
S8, 2012-11-07 20:57:56, 11.27, 351, 11.27
S8, 2012-11-07 20:57:59, 9.01, 353.8, 9.01
S8, 2012-11-07 20:58:02, 11.27, 352.4, 11.27
S8, 2012-11-07 20:58:05, 11.27, 355.2, 11.27
S8, 2012-11-07 20:58:08, 10.69, 0, 10.69
S8, 2012-11-07 20:58:11, 10.13, 345.4, 10.13
S8, 2012-11-07 20:58:14, 12.39, 2.8, 12.39
S8, 2012-11-07 20:58:17, 14.09, 332.7, 14.09
S8, 2012-11-07 20:58:20, 15.21, 352.4, 15.21
S8, 2012-11-07 20:58:23, 13.51, 346.8, 13.51
S8, 2012-11-07 20:58:26, 12.39, 2.8, 12.39
S8, 2012-11-07 20:58:29, 9.01, 355.2, 9.01
S8, 2012-11-07 20:58:32, 9.01, 355.2, 9.01
S8, 2012-11-07 20:58:35, 10.13, 341.2, 10.13
S8, 2012-11-07 20:58:38, 11.83, 338.3, 11.83
S8, 2012-11-07 20:58:41, 12.95, 345.4, 12.95
S8, 2012-11-07 20:58:44, 12.95, 352.4, 12.95
S8, 2012-11-07 20:58:47, 11.27, 351, 11.27
S8, 2012-11-07 20:58:50, 13.51, 0, 13.51
S8, 2012-11-07 20:58:53, 11.83, 346.8, 11.83
S8, 2012-11-07 20:58:56, 7.9, 332.7, 7.9
S8, 2012-11-07 20:58:59, 8.46, 355.2, 8.46
S8, 2012-11-07 20:59:02, 9.01, 349.6, 9.01
S8, 2012-11-07 20:59:05, 13.51, 342.6, 13.51
S8, 2012-11-07 20:59:08, 13.51, 344, 13.51
S8, 2012-11-07 20:59:11, 10.69, 355.2, 10.69
S8, 2012-11-07 20:59:14, 11.27, 355.2, 11.27
S8, 2012-11-07 20:59:17, 11.83, 352.4, 11.83
S8, 2012-11-07 20:59:20, 11.83, 345.4, 11.83
S8, 2012-11-07 20:59:23, 10.69, 342.6, 10.69
S8, 2012-11-07 20:59:26, 10.13, 351, 10.13
S8, 2012-11-07 20:59:29, 11.27, 344, 11.27
S8, 2012-11-07 20:59:32, 11.27, 351, 11.27
S8, 2012-11-07 20:59:35, 9.01, 338.3, 9.01
S8, 2012-11-07 20:59:38, 9.57, 327.1, 9.57
S8, 2012-11-07 20:59:41, 7.9, 344, 7.9
S8, 2012-11-07 20:59:44, 8.46, 8.4, 8.46
S8, 2012-11-07 20:59:47, 10.69, 355.2, 10.69
S8, 2012-11-07 20:59:50, 11.83, 338.3, 11.83
S8, 2012-11-07 20:59:53, 8.46, 320.1, 8.46
S8, 2012-11-07 20:59:56, 6.76, 346.8, 6.76
S8, 2012-11-07 20:59:59, 6.2, 349.6, 6.2
S8, 2012-11-07 21:00:02, 9.01, 355.2, 9.01
S8, 2012-11-07 21:00:05, 11.83, 355.2, 11.83
S8, 2012-11-07 21:00:08, 10.69, 351, 10.69
S8, 2012-11-07 21:00:11, 10.69, 0, 10.69
S8, 2012-11-07 21:00:14, 9.01, 342.6, 9.01
S8, 2012-11-07 21:00:17, 10.13, 345.4, 10.13
S8, 2012-11-07 21:00:20, 9.57, 355.2, 9.57
S8, 2012-11-07 21:00:23, 8.46, 345.4, 8.46
S8, 2012-11-07 21:00:26, 9.01, 352.4, 9.01
S8, 2012-11-07 21:00:29, 11.27, 352.4, 11.27
S8, 2012-11-07 21:00:32, 10.13, 336.9, 10.13
S8, 2012-11-07 21:00:35, 9.01, 345.4, 9.01
S8, 2012-11-07 21:00:38, 12.39, 345.4, 12.39
S8, 2012-11-07 21:00:41, 10.69, 332.7, 10.69
S8, 2012-11-07 21:00:44, 14.65, 344, 14.65
S8, 2012-11-07 21:00:47, 12.39, 351, 12.39
S8, 2012-11-07 21:00:50, 12.95, 352.4, 12.95
S8, 2012-11-07 21:00:53, 12.95, 345.4, 12.95
S8, 2012-11-07 21:00:56, 11.83, 345.4, 11.83
S8, 2012-11-07 21:00:59, 9.01, 331.3, 9.01
S8, 2012-11-07 21:01:02, 9.57, 314.5, 9.57
S8, 2012-11-07 21:01:05, 9.57, 332.7, 9.57
S8, 2012-11-07 21:01:08, 11.27, 329.9, 11.27
S8, 2012-11-07 21:01:11, 12.95, 314.5, 12.95
S8, 2012-11-07 21:01:14, 12.95, 331.3, 12.95
S8, 2012-11-07 21:01:17, 12.95, 329.9, 12.95
S8, 2012-11-07 21:01:20, 12.39, 345.4, 12.39
S8, 2012-11-07 21:01:23, 11.27, 355.2, 11.27
S8, 2012-11-07 21:01:26, 12.39, 349.6, 12.39
S8, 2012-11-07 21:01:29, 9.57, 344, 9.57
S8, 2012-11-07 21:01:32, 10.13, 353.8, 10.13
S8, 2012-11-07 21:01:35, 11.27, 351, 11.27
S8, 2012-11-07 21:01:38, 16.33, 0, 16.33
S8, 2012-11-07 21:01:41, 14.09, 332.7, 14.09
S8, 2012-11-07 21:01:44, 17.47, 345.4, 17.47
S8, 2012-11-07 21:01:47, 14.65, 351, 14.65
S8, 2012-11-07 21:01:50, 15.21, 2.8, 15.21
S8, 2012-11-07 21:01:53, 19.71, 14, 19.71
S8, 2012-11-07 21:01:56, 19.71, 0, 19.71
S8, 2012-11-07 21:01:59, 18.03, 5.6, 18.03
S8, 2012-11-07 21:02:02, 15.21, 1.4, 15.21
S8, 2012-11-07 21:02:05, 14.09, 352.4, 14.09
S8, 2012-11-07 21:02:08, 12.39, 1.4, 12.39
S8, 2012-11-07 21:02:11, 13.51, 8.4, 13.51
S8, 2012-11-07 21:02:14, 11.83, 353.8, 11.83
S8, 2012-11-07 21:02:17, 12.95, 352.4, 12.95
S8, 2012-11-07 21:02:20, 12.95, 345.4, 12.95
S8, 2012-11-07 21:02:23, 10.13, 352.4, 10.13
S8, 2012-11-07 21:02:26, 11.83, 0, 11.83
S8, 2012-11-07 21:02:29, 9.57, 349.6, 9.57
S8, 2012-11-07 21:02:32, 11.27, 327.1, 11.27
S8, 2012-11-07 21:02:35, 10.69, 332.7, 10.69
S8, 2012-11-07 21:02:38, 11.27, 341.2, 11.27
S8, 2012-11-07 21:02:41, 13.51, 327.1, 13.51
S8, 2012-11-07 21:02:44, 13.51, 342.6, 13.51
S8, 2012-11-07 21:02:47, 13.51, 336.9, 13.51
S8, 2012-11-07 21:02:50, 12.95, 321.5, 12.95
S8, 2012-11-07 21:02:53, 11.83, 327.1, 11.83
S8, 2012-11-07 21:02:56, 11.27, 336.9, 11.27
S8, 2012-11-07 21:02:59, 10.69, 344, 10.69
